[{"username":"fiza","emoji":""},{"username":"ashd","emoji":"emoji6.png"},{"username":"sdhk","emoji":""},{"username":"shdkl","emoji":""},{"username":"sdfsdf","emoji":""},{"username":"asdasb","emoji":""},{"username":"dscsd","emoji":""},{"username":"dkjqbw","emoji":""},{"username":"sdbbs","emoji":""},{"username":"dsnks","emoji":""},{"username":"sdfs","emoji":""},{"username":"hkgkj","emoji":""},{"username":"cgg","emoji":""},{"username":"shdkfhsdkl","emoji":"emoji5.png"},{"username":"dsadas","emoji":""},{"username":"fiza abid","emoji":"emoji2.png"},{"username":"saeed","emoji":"emoji3.png"}]